artist_name,s_no,track_name,year,track_id
Weeknd,12,Can't Feel My Face,2015,
Taylor Swift feat. Kendrick Lamar,15,Bad Blood,2015,
Major Lazer and DJ Snake feat. M0,16,Lean On,2015,
Skrillex and Diplo With Justin Bieber,19,Where Are U Now,2015,
Selena Gomez feat. A$AP Rocky,27,Good For You,2015,
Flo Rida feat. Sage The Gemini and Lookas,32,G.D.F.R.,2015,
Justin Bieber,33,What Do YouÂ Mean?,2015,
Pitbull and Ne-Yo,39,Time Of Our Lives,2015,
Natalie La Rose feat. Jeremih,41,Somebody,2015,
"Rihanna, Kanye West, and Paul McCartney",42,FourFiveSeconds,2015,
Big Sean feat. E-40,47,I Don't F**k With You,2015,
"Nicki Minaj feat. Drake, Lil Wayne and Chris Brown",51,Only,2015,
Ariana Grande and The Weeknd,56,Love Me Harder,2015,
DJ Snake and Alunageorge,59,You Know You Like It,2015,
Beyonce,61,07/11/2020 00:00,2015,
Nicki Minaj feat. Drake and Lil Wayne,66,Truffle Butter,2015,
James Newton Howard feat. Jennifer Lawrence,78,The Hanging Tree,2015,
Chris Brown and Tyga,86,Ayo,2015,
Big Sean feat. Drake,88,Blessings,2015,
Ed Sheeran,92,Don't,2015,
Nicky Jam and Enrique Iglesias,96,El Perdon (Forgiveness),2015,
Ne-Yo feat. Juicy J,97,She Knows,2015,
Katy Perry feat. Juicy J,2,Dark Horse,2014,
Iggy Azalea feat. Charli XCX,4,Fancy,2014,
Eminem feat. Rihanna,16,The Monster,2014,
Iggy Azalea feat. Rita Ora,26,Black Widow,2014,
Disclosure feat. Sam Smith,28,Latch,2014,
Chris Brown feat. Lil Wayne and French Montana or Too $hort or Tyga,30,Loyal,2014,
Enrique Iglesias feat. Descemer Bueno and Gente De Zona,38,Bailando,2014,
Jeremih feat. Yg,42,Don't Tell 'Em,2014,
Paramore,47,Ain't It Fun,2014,
Florida Georgia Line feat. Luke Bryan,49,This Is How We Roll,2014,
Ed Sheeran,52,Don't,2014,
Drake feat. Majid Jordan,55,"Hold On, We're Going Home",2014,
Yg feat. Jeezy and Rich Homie Quan,58,My Hitta,2014,
Rich Gang feat. Young Thug and Rich Homie Quan,72,Lifestyle,2014,
Naughty Boy feat. Sam Smith,82,La La La,2014,
Robin Thicke feat. T.I. and Pharrell,83,Blurred Lines,2014,
Lady Gaga feat. R. Kelly,84,Do What U Want,2014,
Shakira feat. Rihanna,85,Can't Remember To Forget You,2014,
Lil Wayne feat. Drake,89,Believe Me,2014,
"Mike Will Made-It feat. Miley Cyrus, Wiz Khalifa and Juicy J",90,23,2014,
Schoolboy Q feat. BJ The Chicago Kid,96,Studio,2014,
Miranda Lambert and Carrie Underwood,99,Somethin' Bad,2014,
Macklemore & Ryan Lewis Featuring Ray Dalton ,1,Can't Hold Us,2013,
P!nk Featuring Nate Ruess ,3,Just Give Me A Reason,2013,
Robin Thicke Featuring T.I. + Pharrell ,4,Blurred Lines,2013,
Robin Thicke Featuring T.I. + Pharrell ,6,Blurred Lines,2013,
Daft Punk Featuring Pharrell Williams ,9,Get Lucky,2013,
Justin Timberlake Featuring Jay Z ,13,Suit & Tie,2013,
Rihanna Featuring Mikky Ekko ,14,Stay,2013,
Eminem Featuring Rihanna ,16,The Monster,2013,
Drake Featuring Majid Jordan ,17,"Hold On, We're Going Home",2013,
Florida Georgia Line Featuring Nelly ,18,Cruise,2013,
Jay Z Featuring Justin Timberlake ,21,Holy Grail,2013,
Pitbull Featuring Christina Aguilera ,28,Feel This Moment,2013,
Zedd Featuring Foxes ,29,Clarity,2013,
Lil Wayne Featuring Drake & Future ,31,Love Me,2013,
Icona Pop Featuring Charli XCX ,32,I Love It,2013,
Ariana Grande Featuring Mac Miller ,36,The Way,2013,
Lana Del Rey & Cedric Gervais ,38,Summertime Sadness,2013,
Macklemore & Ryan Lewis FeatÂ Mary Lambert ,39,Same Love,2013,
"Mike WiLL Made-It Featuring Miley Cyrus, Wiz Khalifa & Juicy J",40,0,2013,
Blake Shelton FeatÂ Pistol Annies & Friends ,43,Boys 'Round Here,2013,
Fall Out Boy ,44,Â Light Em Up,2013,
will.i.am Featuring Justin Bieber ,48,#thatPOWER,2013,
Calvin Harris Featuring Ellie Goulding ,49,I Need Your Love,2013,
Mariah Carey Featuring Miguel ,50,#Beautiful,2013,
J. Cole Featuring Miguel ,59,Power Trip,2013,
Rocko Featuring Future & Rick Ross ,61,U.O.E.N.O.,2013,
Drake Featuring 2 Chainz & Big Sean ,62,All Me,2013,
Pitbull Featuring Ke$ha ,63,Timber,2013,
YG Featuring Jeezy & Rich Homie Quan ,66,My Hitta,2013,
Chris Brown Featuring Nicki Minaj ,67,Love More,2013,
Olly Murs Featuring Flo Rida ,70,Troublemaker,2013,
Robin Thicke Featuring Kendrick Lamar ,73,Give It 2 U,2013,
Ke$ha ,76,C'Mon,2013,
Wale Featuring Tiara Thomas ,77,Bad,2013,
J. Cole Featuring TLC,79,Crooked Smile,2013,
Wale Featuring Tiara Thomas Or Rihanna ,81,Bad,2013,
Brett Eldredge ,87,Don't Ya,2013,
Sage The Gemini Featuring IamSu ,90,Gas Pedal,2013,
Ace Hood Featuring Future & Rick Ross ,93,Bugatti,2013,
The FiNATTiCZ ,98,Don't Drop That Thun Thun!,2013,
Big Sean Featuring Lil Wayne & Jhene Aiko ,100,Beware,2013,
Gotye feat. Kimbra,1,Somebody That I Used To Know,2012,
Maroon 5 feat. Wiz Khalifa,4,Payphone,2012,
Rihanna feat. Calvin Harris,8,We Found Love,2012,
Drake feat. Lil Wayne,20,The Motto,2012,
LMFAO feat. Lauren Bennett & GoonRock,29,Party Rock Anthem,2012,
Justin Bieber feat. Big Sean,34,As Long as You Love Me,2012,
Maroon 5 feat. Christina Aguilera,36,Moves Like Jagger,2012,
Owl City and Carly Rae Jepsen,38,Good Time,2012,
2 Chainz feat. Drake,54,No Lie,2012,
Chris Brown,56,Don't Wake Me Up,2012,
Big Sean feat. Nicki Minaj,57,Dance (A$$),2012,
Rihanna feat. Chris Brown,79,Birthday Cake,2012,
Havana Brown feat. Pitbull,90,We Run The Night,2012,
LMFAO feat. Lauren Bennett & GoonRock,2,Party Rock Anthem,2011,
Cee Lo Green,7,F**K You (Forget You),2011,
Maroon 5 feat. Christina Aguilera,9,Moves Like Jagger,2011,
Enrique Iglesias feat. Ludacris & DJ Frank E,16,Tonight (I'm Lovin' You),2011,
Rihanna feat. Drake,20,What's My Name?,2011,
Diddy â€“ Dirty Money feat. Skylar Grey,38,Coming Home,2011,
Lil Wayne feat. Cory Gunz,41,6 Foot 7 Foot,2011,
"DJ Khaled feat. Drake, Rick Ross & Lil Wayne",47,I'm On One,2011,
Cobra Starship feat. Sabi,48,You Make Me Feelâ€¦,2011,
Nicki Minaj feat. Drake,50,Moment 4 Life,2011,
Dr. Dre feat. Eminem & Skylar Grey,51,I Need A Doctor,2011,
Far*East Movement feat. Ryan Tedder,58,Rocketeer,2011,
Jason Aldean With Kelly Clarkson,68,Don't You Wanna Stay,2011,
Rihanna feat. Calvin Harris,69,We Found Love,2011,
Far*East Movement feat. Cataracs & Dev,72,Like A G6,2011,
Jason Derulo,87,Don't Wanna Go Home,2011,
Jessie J feat. B.O.B,93,Price Tag,2011,
Lil Wayne feat. Drake,95,She Will,2011,
Big Sean feat. Chris Brown,100,My Last,2011,
Ke$ha,1,TiK ToK,2010,
Eminem feat. Rihanna,7,Love The Way You Lie,2010,
Taio Cruz feat. Ludacris,10,Break Your Heart,2010,
Young Money feat. Lloyd,13,Bedrock,2010,
Lady Gaga feat. Beyonce,16,Telephone,2010,
Jay-Z and Alicia Keys,21,Empire State of Mind,2010,
Far East Movement feat. The Cataracs and Dev,37,Like A G6,2010,
Michael Buble,39,Haven't Met You Yet,2010,
Jay Sean feat. Lil Wayne,41,Down,2010,
Justin Bieber feat. Ludacris,44,Baby,2010,
Rihanna feat. Jeezy,49,Hard,2010,
Jay-Z and Mr. Hudson,50,Young Forever,2010,
Ke$ha feat. 3OH!3,51,Blah Blah Blah,2010,
Jay Sean feat. Sean Paul & Lil Jon,53,Do You Remember,2010,
Ludacris feat. Nicki Minaj,56,My Chick Bad,2010,
"Drake feat. Kanye West, Lil Wayne and Eminem",71,Forever,2010,
Alicia Keyes,78,Un-Thinkable (I'm Ready),2010,
"Kevin Rudolf feat. Birdman, Jay Sean, & Lil Wayne",80,I Made It (Cash Money Heroes),2010,
Sean Kingston and Justin Bieber,89,Eenie Meenie,2010,
Uncle Kraker,97,Smile,2010,
Alicia Keyes,99,Try Sleeping With A Broken Heart,2010,
Lady Gaga feat. Colby O'Donis,3,Just Dance,2009,
T.I. feat. Justin Timberlake,12,Dead And Gone,2009,
Keri Hilson feat. Kanye West and Ne-Yo,15,Knock You Down,2009,
T.I. feat. Rihanna,18,Live Your Life,2009,
Soulja Boy Tell 'em feat. Sammie,19,Kiss Me Thru The Phone,2009,
Jay Sean feat. Lil Wayne,20,Down,2009,
3OH!3,30,Don't Trust Me,2009,
"Jay-Z, Rihanna and Kanye West",31,Run This Town,2009,
Kevin Rudolf feat. Lil Wayne,32,Let It Rock,2009,
"Eminem, Dr. Dre and 50 Cent",47,Crack A Bottle,2009,
Keri Hilson feat. Lil Wayne,49,Turning Me On,2009,
Akon feat. Colby O'Donis and Kardinal Offishall,54,Beautiful,2009,
Jay-Z + Alicia Keys,62,Empire State Of Mind,2009,
Fabolous feat. The-Dream,71,Throw It In The Bag,2009,
Jesse McCartney feat. Ludacris,86,How Do You Sleep?,2009,
"Drake feat. Kanye West, Lil Wayne and Eminem",88,Forever,2009,
Michael Franti and Spearhead feat. Cherine Anderson,97,Say Hey (I Love You),2009,
Jim Jones and Ron Browz feat. Juelz Santana,98,Pop Champagne,2009,
Lil Wayne feat. Static Major,4,Lollipop,2008,
Ray J and Yung Berg,11,Sexy Can I,2008,
Rihanna,17,Don't Stop the Music,2008,
Kardinal Offishall feat. Akon,29,Dangerous,2008,
T.I. feat. Rihanna,37,Live Your Life,2008,
Plies feat. Ne-Yo,38,Bust It Baby Part 2,2008,
Estelle feat. Kanye West,39,American Boy,2008,
Lil Wayne feat. T-Pain,40,Got Money,2008,
T-Pain feat. Lil Wayne,46,Can't Believe It,2008,
Colby O'Donis feat. Akon,51,What You Got,2008,
Rihanna feat. Ne-Yo,62,Hate That I Love You,2008,
Kevin Rudolf feat. Lil Wayne,65,Let It Rock,2008,
David Banner feat. Chris Brown,66,Get Like Me,2008,
Young Jeezy feat. Kanye West,68,Put On,2008,
Kanye West feat. T-Pain,79,Good Life,2008,
Rick Ross feat. T-Pain,84,The Boss,2008,
Trey Songz,86,Can't Help But Wait,2008,
The Game feat. Lil Wayne,88,My Life,2008,
Kanye West feat. Dwele,90,Flashing Lights,2008,
Lil Wayne feat. Bobby Valentino & Kidd Kidd,91,Mrs. Officer,2008,
Trace Adkins,93,You're Gonna Miss This,2008,
2 Pistols feat. T-Pain and Tay Dizm,100,She Got It,2008,
Rihanna feat. Jay-Z,2,Umbrella,2007,
Gwen Stefani feat. Akon,3,The Sweet Escape,2007,
Akon feat. Snoop Dogg,8,I Wanna Love You,2007,
Fergie feat. Ludacris,10,Glamorous,2007,
Akon,11,Don't Matter,2007,
Akon feat. Eminem,15,Smack That,2007,
Timbaland feat. Nelly Furtado & Justin Timberlake,21,Give It To Me,2007,
Justin Timberlake,22,What Goes Aroundâ€¦Comes Around,2007,
Gym Class Heroes feat. Patrick Stump,23,Cupid's Chokehold/Breakfast In America,2007,
Pink,29,U + Ur Hand,2007,
Ludacris feat. Mary J. Blige,35,Runaway Love,2007,
Lloyd feat. Lil' Wayne,40,You,2007,
Fat Joe feat. Lil Wayne,43,Make It Rain,2007,
Fabolous feat. Ne-Yo,44,Make Me Better,2007,
R. Kelly Or Bow Wow (feat. T.I. & T-Pain),49,I'm A Flirt,2007,
Bone Thugs-N-Harmony feat. Akon,58,I Tried,2007,
Beyonce & Shakira,62,Beautiful Liar,2007,
Keyshia Cole feat. Missy Elliott & Lil Kim,65,Let It Go,2007,
Pink,69,Who Knew,2007,
Rich Boy feat. Polow Da Don,73,Throw Some D's,2007,
Young Jeezy feat. R. Kelly,80,Go Getta,2007,
Rihanna & Sean Paul,85,Break It Off,2007,
50 Cent feat. Justin Timberlake & Timbaland,87,Ayo Technology,2007,
Ludacris feat. Pharrell,92,Money Maker,2007,
Snoop Dogg feat. R. Kelly,99,That's That,2007,
R. Kelly and Usher,100,Same Girl,2007,
Nelly Furtado feat. Timbaland,3,Promiscuous,2006,
Chamillionaire feat. Krayzie Bone,8,Ridin',2006,
"Nelly feat. Paul Wall, Ali and Gipp",12,Grillz,2006,
Lil Jon feat. E-40 and Sean Paul Of The YoungBloodZ,24,Snap Yo Fingers,2006,
Dem Franchize Boyz feat. Lil Peanut and Charlay,25,"Lean Wit It, Rock Wit It",2006,
Christina Aguilera,32,Ain't no Other Man,2006,
Kanye West feat. Jamie Foxx,34,Gold Digger,2006,
Ludacris feat. Pharrell,35,Money Maker,2006,
Bubba Sparxxx feat. Ying Yang Twins and Mr. ColliPark,36,Ms. New Booty,2006,
T-Pain feat. Mike Jones,41,I'n N Luv (Wit a Stripper),2006,
Fort Minor feat. Holly Brook,43,Where'd You Go,2006,
Mariah Carey,50,Don't Forget About Us,2006,
Field Mob feat. Ciara,55,So What,2006,
Cherish feat. Sean Paul Of The YoungBloodZ,56,Do it to It,2006,
Eminem feat. Nate Dogg,62,Shake That,2006,
Chingy feat. Tyrese,63,Pullin' Me Back,2006,
Akon feat. Eminem,66,Smack That,2006,
"Dem Franchize Boyz feat. Jermaine Dupri, Da Brat and Bow Wow",85,I Think They Like Me,2006,
Young Jeezy feat. Akon,88,Soul Survivor,2006,
Pink,96,Stupid Girls,2006,
T-Pain,98,I'm Sprung,2006,
Teddy Geiger,100,For You I Will (Condience),2006,
Kanye West feat. Jamie Foxx,6,Gold Digger,2005,
50 Cent feat. Olivia,8,Candy Shop,2005,
The Pussycat Dolls feat. Busta Rhymes,9,Don't Cha,2005,
The Black Eyed Peas,13,Don't Phunk With My Heart,2005,
Snoop Dogg feat. Pharrell,23,Drop it Like It's Hot,2005,
The Game feat. 50 Cent,24,Hate It or Love It,2005,
Lil Jon and The East Side Boyz feat. Usher and Ludacris,25,Lovers and Friends,2005,
Gwen Stefani feat. Eve,31,Rich Girl,2005,
Frankie J feat. Baby Bash,33,Obsession (No Es Amor),2005,
D.H.T.,35,Listen to your Heart,2005,
Nelly feat. Tim McGraw,48,Over and Over,2005,
Young Jeezy feat. Akon,52,Soul Survivor,2005,
Ludacris feat. Bobby Valentino,53,Pimpin' All Over the World,2005,
Usher And Alicia Keys,54,My Boo,2005,
Maroon5,61,She Will be Loved,2005,
50 Cent feat. Mobb Deep,78,Outta Control (Remix),2005,
The Black Eyed Peas,81,Don't Lie,2005,
Jay-Z/Linkin Park,93,Numb/Encore,2005,
Ja Rule feat. R. Kelly and Ashanti,94,Wonderful,2005,
T-Pain,95,I'm Sprung,2005,
112 feat. Foxy Brown,97,U Already Know,2005,
Webbie feat. Bun B,100,Give Me That,2005,
Maroon5,4,This Love,2004,
Juvenile feat. Soulja Slim,13,Slow Motion,2004,
Usher And Alicia Keys,24,My Boo,2004,
Chingy feat. J. Weav,25,One Call Away,2004,
Nelly feat. Jaheim,30,My Place,2004,
Akon feat. Styles P.,44,Locked Up,2004,
Ludacris feat. Shawnna,45,Stand Up,2004,
Baby Bash feat. Frankie J,46,Suga Suga,2004,
Kanye West feat. Syleena Johnson,47,All Falls Down,2004,
"Houston feat. Chingy, Nate Dogg and I-20",52,I Like That,2004,
Jagged Edge,57,Walker outta Heaven,2004,
Sean Paul feat. Sasha,60,I'm Still in Love with You,2004,
Jadakiss feat. Anthony Hamilton,62,Why?,2004,
Snoop Dogg feat. Pharrell,71,Drop it Like it's Hot,2004,
Santana feat. Alex Band Or Chad Kroeger,75,Why Don't you & I,2004,
Lloyd feat. Ashanti,84,Southside,2004,
G-Unit feat. Joe,86,Wanna Get To Know You,2004,
Chingy feat. Ludacris and Snoop Dogg,87,Holidae In,2004,
Kenny Chesney and Uncle Kracker,89,When the Sun Goes Down,2004,
Avril Lavigne,92,Don't Tell Me,2004,
Nelly feat. Tim McGraw,96,Over and Over,2004,
Evanescence feat. Paul McCoy,10,Bring me to Life,2003,
50 Cent feat. Nate Dogg,14,21 Questions,2003,
Busta Rhymes and Mariah Carey feat. The Flipmode Squad,17,I Know what you Want,2003,
Avril Lavigne,18,I'm with You,2003,
Uncle Kracker feat. Dobie Gray,19,Drift Away,2003,
Lil' Kim feat. 50 Cent,20,Magic Stick,2003,
B2K and P. Diddy,22,"Bump, Bump, Bump",2003,
Fabolous feat. Tamia Or Ashanti,23,Into You,2003,
Fabolous feat. Mike Shorey and Lil' Mo,24,Can't let you Go,2003,
Ja Rule feat. Ashanti,25,Mesmerize,2003,
Missy â€œMisdemeanorâ€ Elliott,36,Work It,2003,
Jay-Z feat. Beyonce Knowles,37,03 Bonnie & Clyde,2003,
Nivea feat. Brian and Brandon Casey,38,Don't Mess with my Man,2003,
"Nelly feat. Kyjuan, Ali and Murphy Lee",40,Air Force Ones,2003,
Snoop Dogg feat. Pharrell and Uncle Charlie Wilson,42,Beautiful,2003,
Missy â€œMisdemeanorâ€ Elliott feat. Ludacris,43,Gossip Folks,2003,
Ludacris feat. Shawnna,51,Stand Up,2003,
Santana feat. Alex Band Or Chad Kroeger,53,Why Don't You & I,2003,
No Doubt feat. Lady Saw,59,Underneath it All,2003,
Mya,64,My Love is Likeâ€¦ Wo,2003,
Alan Jackson and Jimmy Buffett,65,It's Five O'Clock Somewhere,2003,
Christina Aguilera feat. Lil' Kim,67,Can't Hold us Down,2003,
Frankie J,71,Don't Wanna Try,2003,
Toby Keith Duet With Willie Nelson,75,Beer for my Horses,2003,
Chingy feat. Ludacris and Snoop Dogg,76,Holidae In,2003,
Baby Bash feat. Frankie J,77,Suga Suga,2003,
Erykah Badu feat. Common,78,Love of my Life (An Ode to Hip Hop),2003,
Young Gunz,85,"Can't Stop, Won't Stop",2003,
Thalia feat. Fat Joe,95,I Want You,2003,
Norah Jones,97,Don't know Why,2003,
Nickelback,1,How Your Remind Me,2002,
Ja Rule feat. Ashanti,12,Always on Time,2002,
Jennifer Lopez feat. Ja Rule,13,Ain't it Funny,2002,
"P. Diddy and Ginuwine feat. Loon, Mario Winans and Tammy Ruggeri",18,I Need a Girl (Part Two),2002,
Eve feat. Alicia Keys,19,Gangsta Lovin',2002,
Pink,24,Get the Party Started,2002,
Jennifer Lopez feat. Nas,29,I'm Gonna Be Alright,2002,
Cam'ron feat. Juelz Santana,30,Oh Boy,2002,
DJ Sammy and Yanou feat. Do,31,Heaven,2002,
No Doubt feat. Bounty Killer,32,Hey Baby,2002,
Pink,36,Don't Let Me Get Me,2002,
Truth Hurts feat. Rakim,40,Addictive,2002,
Pink,43,Just Like a Pill,2002,
"Irv Gotti Presents The Inc. feat. Ja Rule, Ashanti, Charli Baltimore and Vita",44,Down 4 U,2002,
Kylie Minogue,45,Can't Get You Out Of My Head,2002,
"Cam'ron feat. Juelz Santana, Freekey Zekey and Toya",53,Hey Ma,2002,
Missy â€œMisdemeanorâ€ Elliott,54,Work It,2002,
Ludacris feat. Mystikal and Infamous 2.0,55,Move Bitch,2002,
LeAnn Rimes,56,Can't Fight the Moonlight,2002,
No Doubt,59,Hello Good,2002,
Mary J. Blige feat. Ja Rule,67,Rainy Dayz,2002,
Angie Martinez feat. Lil' Mo and Sacario,69,If I could Go!,2002,
No Doubt feat. Lady Saw,71,Underneath it All,2002,
City High feat. Eve,72,Caramel,2002,
Ja Rule feat. Case,76,Livin' it Up,2002,
Dixie Chicks,97,Long Time Gone,2002,
Jennifer Lopez feat. Ja Rule,5,I'm Real,2001,
Eve feat. Gwen Stefani,7,Let Me Blow Ya Mind,2001,
Destiny's Child,10,Independent Women Part I,2001,
Shaggy feat. Ricardo â€œRikRokâ€ Ducent,12,It Wasn't Me,2001,
Jagged Edge With Nelly,16,Where The Party At,2001,
Shaggy feat. Rayvon,17,Angel,2001,
Nelly feat. City Spud,18,Ride Wit Me,2001,
"Christina Aguilera, Lil' Kim, Mya and Pink",24,Lady Marmalade,2001,
Dream,28,He Loves U Not,2001,
Ja Rule feat. Lil' Mo and Vita,30,Put It On Me,2001,
Lee Ann Womack and Sons Of The Desert,32,I Hope You Dance,2001,
Moby feat. Gwen Stefani,33,South Side,2001,
Madonna,34,Don't Tell Me,2001,
Missy â€œMisdemeanorâ€ Elliott,35,Get Ur Freak On,2001,
Nelly Furtado,43,I'm Like A Bird,2001,
Lil' Mo feat. Fabolous,53,Superwoman Pt. II,2001,
Ricky Martin and Christina Aguilera,55,Nobody Wants To Be Lonely,2001,
Missy â€œMisdemeanorâ€ Elliott,57,One Minute Man,2001,
Brooks and Dunn,71,Ain't Nothing `Bout You,2001,
Lonestar,73,I'm Already There,2001,
Ja Rule feat. Case,79,Livin' It Up,2001,
Mariah Carey feat. Cameo,80,Loverboy,2001,
Isley Brothers feat. Ronald Isley AKA Mr. Biggs,81,Contagious,2001,
Kenny Chesney,85,Don't Happen Twice,2001,
Trick Daddy,89,I'm A Thug,2001,
Eden's Crush,92,Get Over Yourself,2001,
Pink,97,Most Girls,2001,
QB's Finest feat. Nas and Braveheart's,98,Oochie Wally,2001,
Santana feat. The Product GandB,3,Maria Maria,2000,
Janet,18,Doesn't Really Matter,2000,
"Missy Elliott feat. Nas, EVE and Q-Tip",32,Hot Boyz,2000,
iffel 65,49,Blue (Da Ba Dee),2000,
Sting feat. Cheb Mami,50,Desert Rose,2000,
Pink,52,Most Girls,2000,
98 Degrees,57,Give Me Just One Night (Una Noche ),2000,
Jay-Z feat. UGK,60,Big Pimpin',2000,
SoulDecision feat. Thrust,66,Faded,2000,
Dr. Dre feat. Eminem,73,Forget About Dre,2000,
Dr. Dre feat. Snoop Dogg,76,The Next Episode,2000,
Da Brat feat. Tyrese,85,What'chu Like,2000,
Kandi,86,Don't Think I'm Not,2000,
Lee Ann Womack and Sons Of The Desert,87,I Hope You Dance,2000,
Kevon Edmonds,92,24/07/2020 00:00,2000,
Lil Bow Wow feat. Xscape,94,Bounce With Me,2000,
Dixie Chicks,95,Cowboy Take Me Away,2000,
Destiny's Child,97,Independent Women Part I,2000,
Britney Spears,5,â€¦Baby One More Time,1999,
R. Kelly and Celine Dion,16,I'm Your Angel,1999,
Divine,31,Lately,1999,
Jay-Z feat. Amil (Of Major Coinz) and Ja,39,Can I Get Aâ€¦,1999,
Lou Bega,42,Mambo No. 5 (A Little Bit Ofâ€¦),1999,
JT Money feat. Sole,55,Who Dat,1999,
Total feat. Missy Elliott,60,Trippin',1999,
Juvenile feat. Mannie Fresh and Lil' Wayne,75,Back That Thang Up,1999,
Case and Joe,81,Faded Pictures,1999,
Mo Thugs Family feat. Bone Thugs-N-Harmony,87,Ghetto Cowboy,1999,
BLACKstreet and Mya feat. Mase and Blinky Blink,91,Take Me There,1999,
Puff Daddy feat. R. Kelly,95,Satisfy You,1999,
Whitney Houston and Mariah Carey,99,When You Believe,1999,
Shania Twain,3,You're Still The One,1998,
Usher,15,You Make Me Wannaâ€¦,1998,
Puff Daddy and The Family,19,Been Around The World,1998,
Nicole feat. Missy â€œMisdemeanorâ€ Elliott and Mocha,41,Make It Hot,1998,
Puff Daddy,47,Come With Me,1998,
Sylk-E Fyne,48,Romeo And Juliet,1998,
Mya and Sisqo,49,It's All About Me,1998,
Dru Hill,56,We're Not Making Love No More,1998,
Divine,61,Lately,1998,
Puff Daddy and The Family,68,Victory,1998,
Dru Hill feat. Redman,71,How Deep Is Your Love,1998,
Edwin McCain,74,I'll Be,1998,
Jewel,87,Foolish Games / You Were Meant For Me,1998,
Jd,92,The Party Continues,1998,
Missy â€œMisdemeanorâ€ Elliott feat. Da Brat,93,Sock It 2 Me,1998,
Jewel,2,Foolish Games / You Were Meant For Me,1997,
Puff Daddy and Faith Evans,3,I'll Be Missing You,1997,
Puff Daddy,5,Can't Nobody Hold Me Down,1997,
En Vogue,7,Don't Let Go (Love),1997,
Usher,14,You Make Me Wannaâ€¦,1997,
BLACKstreet feat. Dr. Dre,23,No Diggity,1997,
Freaknasty,34,Da' Dip,1997,
Gina G,41,Ooh Aahâ€¦ Just A Little Bit,1997,
New Edition,44,I'm Still In Love With You,1997,
Barbra Streisand and Bryan Adams,53,I Finally Found Someone,1997,
Foxy Brown feat. Jay-Z,54,I'll Be,1997,
Magoo And Timbaland,58,Up Jumps Da Boogie,1997,
Toni Braxton,59,I Don't Want To / I Love Me Some Him,1997,
B-Rock and The Bizz,68,My Baby Daddy,1997,
Various Artists,72,ESPN Presents The Jock Jam,1997,
Los Del Rio,82,Macarena (Bayside Boys Mix),1997,
Joe,84,Don't Wanna Be A Player,1997,
Brian McKnight feat. Mase,86,You Should Be Mine (Don't Waste Your Time),1997,
Madonna,87,Don't Cry For Me Argentina,1997,
Cranberries,95,When You're Gone / Free To Decide,1997,
Toni Braxton,98,You're Makin' Me High / Let It Flow,1997,
Los Del Rio,1,Macarena (Bayside Boys Mix),1996,
Mariah Carey and Boyz II Men,2,One Sweet Day,1996,
Toni Braxton,9,You're Makin' Me High / Let It Flow,1996,
Quad City Dj's,11,C'mon N' Ride It (The Train),1996,
Gin Blossoms,15,Follow You Down / Til I Hear It From You,1996,
2Pac,17,How Do U Want It / California Love,1996,
Alanis Morissette,29,You Learn / You Oughta Know,1996,
SWV,36,You're The One,1996,
Monica,38,Before You Walk Out Of My Life / Like This And Like That,1996,
BLACKstreet (feat. Dr. Dre),42,No Diggity,1996,
Monica,46,Why I Love You So Much / Ain't Nobody,1996,
Whitney Houston and Cece Winans,48,Count On Me,1996,
Madonna,51,You'll See,1996,
Busta Rhymes,57,Woo-hah!! Got You All In Check / Everything Remains Raw,1996,
Case feat. Foxxy Brown,63,Touch Me Tease Me,1996,
Adam Clayton and Larry Mullen,66,Theme From Mission: Impossible,1996,
Aaliyah,69,If Your Girl Only Knew,1996,
D'angelo,70,Lady,1996,
Maxi Priest feat. Shaggy,90,That Girl,1996,
Pearl Jam,96,I Got Id / Long Road,1996,
Seal,100,Don't Cry,1996,
Monica,9,Don't Take It Personal (Just One Of Dem Days),1995,
Shaggy,18,Boombastic / In The Summertime,1995,
Des'ree,20,You Gotta Be,1995,
Method Man-Mary J. Blige,42,I'll Be There For You-You're All I Need To Get By,1995,
Melissa Etheridge,44,I'm The Only One,1995,
Notorious B.I.G.,47,Big Poppa / Warning,1995,
Boyz II Men,50,I'll Make Love To You,1995,
2Pac,51,Dear Mama / Old School,1995,
Michael Jackson and Janet Jackson,56,Scream / Childhood,1995,
Jodeci,57,Freek'n You,1995,
Janet Jackson,64,You Want This-70's Love Groove,1995,
Total,66,Can't You See,1995,
Subway,68,This Lil' Game We Play,1995,
20 Fingers feat. Gillette,76,Short Dick Man,1995,
Annie Lennox,78,No More â€œI Love You'sâ€,1995,
Raphael Saadiq,83,Ask Of You,1995,
D'angelo,86,Brown Sugar,1995,
Melissa Etheridge,90,Like The Way I Do-If I Wanted To,1995,
Pretenders,95,I'll Stand By You,1995,
N II U,96,I Miss You,1995,
Van Halen,100,Can't Stop Lovin' You,1995,
Boyz II Men,3,I'll Make Love To You,1994,
"Bryan Adams, Rod Stewart and Sting",8,All For Love,1994,
Ace Of Base,10,Don't Turn Around,1994,
Madonna,13,I'll Remember,1994,
John Mellencamp and Me'shell Ndegeocello,15,Wild Night,1994,
Mariah Carey,16,Without You / Never Forget You,1994,
The Artist Formerly Known As Prince,19,The Most Beautiful Girl In The World,1994,
Janet Jackson,30,"Any Time, Any Place / And On And On",1994,
Michael Bolton,32,Said I Loved Youâ€¦But I Lied,1994,
Meat Loaf,38,I'd Do Anything For Love (But I Won't Do That),1994,
Tevin Campbell,45,I'm Ready,1994,
Luther Vandross and Mariah Carey,56,Endless Love,1994,
Tim McGraw,87,Don't Take The Girl,1994,
Melissa Etheridge,92,I'm The Only One,1994,
General Public,95,I'll Take You There,1994,
UB40,3,Can't Help Falling In Love,1993,
Dr. Dre,11,Nuthin' But A â€œGâ€ Thang,1993,
Jade,13,Don't Walk Away,1993,
Peabo Bryson and Regina Belle,18,A Whole New World,1993,
SWV,20,I'm So Into You,1993,
Vanessa Willlams and Brian Mcknight,21,Love Is,1993,
Expose,23,I'll Never Get Over You (Getting Over Me),1993,
SWV,29,Right Here (Human Nature)-Downtown,1993,
Meat Loaf,36,I'd Do Anything For Love (But I Won't Do That),1993,
Whitney Houston,39,I'm Every Woman,1993,
P.M. Dawn,43,I'd Die Without You,1993,
Shil,48,Comforter,1993,
Dino,88,Ooh Child,1993,
Taylor Dayne,99,Can't Get Enough Of Your Love,1993,
Right Said Fred,13,I'm Too Sexy,1992,
Mariah Carey,16,I'll Be There,1992,
Mariah Carey,23,Can't Let Go,1992,
George Michael and Elton John,26,Don't Let The Sun Go Down On Me,1992,
Teven Campbell,35,Tell Me What You Want Me To Do,1992,
TLC,36,Ain't 2 Proud 2 Beg,1992,
Luther Vandross and Janet Jackson,41,The Best Things In Life Are Free,1992,
P.M. Dawn,51,I'd Die Without You,1992,
Calms Dion And Peabo Bryson,64,Beauty And The Beast,1992,
Genesis,68,No Son Of Nine,1992,
Def Leppard,80,Have You Ever Needed Somone So Bad,1992,
Hi-Five,8,I Like The Way (The Kissing Game),1991,
Marky Mark and The Funky Bunch feat. Loleatta Holloway,20,Good Vibrations,1991,
Wilson Phillips,27,You're In Love,1991,
C+C Music Factory,36,Here We Go,1991,
D.J. Jazzy Jeff and The Fresh Prince,38,Summertime,1991,
Rhythm Syndicate,40,P.A.S.S.I.O.N.,1991,
Whitney Houston,42,I'm Your Baby Tonight,1991,
C+C Music Factory,51,Things That Make You Go Hmmmmâ€¦,1991,
DMA,53,Tom's Diner,1991,
Bryan Adams,59,Can't Stop This Thing We Started,1991,
Enigrna,63,Saideness Part I,1991,
Escape Club,65,I'll Be There,1991,
Keith Sweat,76,I'll Give All My Love To You,1991,
Chris Issak,79,Wicked Game,1991,
Will To Power,83,I'm Not In Love,1991,
Warrent,96,I Saw Red,1991,
Linda Ronstadt and Aaron Neville,20,Don't Know Much,1990,
Glenn Medeiros feat. Bobby Brown,24,She Ain't Worth It,1990,
Nelson,27,(Can't Live Without Your) Love And Affection,1990,
Jane Child,29,Don't Wanna Fall In Love,1990,
Tommy Page,39,I'll Be Your Everything,1990,
B-52's,40,Roam,1990,
M.C. Hammer,47,Have You Seen Her,1990,
Michel'le,50,No More Lies,1990,
M.C. Hammer,55,U Can't Touch This,1990,
After 7,60,Can't Stop,1990,
Taylor Dayne,63,I'll Be Your Shelter,1990,
Tyler Collins,69,Girls Nite Out,1990,
D-Mob With Cathy Dennis,85,C'mon And Get My Love,1990,
A'me Lorain,95,Whole Wide World,1990,
Jive Bunny and The Master Mixers,97,Swing The Mood,1990,
Gloria Estefan,14,Don't Wanna Lose You,1989,
Warrant,15,Heavan,1989,
Milli Vanilli,16,Girl I'm Gonna Miss You,1989,
Bon Jovi,23,I'll Be There For You,1989,
Simply Red,24,If You Don't Know Be By Now,1989,
New Kids On The Block,26,I'll Be Loving You (Forever),1989,
Martika,29,Toy Solider,1989,
Taylor Dayne,38,Don't Rush Me,1989,
B-52's,47,Love Shack,1989,
Rod Stewart,50,My Heart Can't Tell You No,1989,
.38 Special,63,Second Chances,1989,
Karyn White,69,Secret Rendesvous,1989,
Cher and Peter Cetera,79,After All,1989,
When In Rome,83,This Promise,1989,
Samantha Fox,87,Iwanna Have Some Fun,1989,
Deon Estus,94,Heavan Help Me,1989,
Sa-fire,96,Thinking Of You,1989,
Ann Wilson and Robin Zander,98,Surrender To Me,1989,
Gloria Estefan and Miami Sound Machine,13,Anything For You,1988,
Taylor Dayne,20,I'll Always Love You,1988,
Eric Carnen,25,Hungry Eyes,1988,
Bobby McFerrin,37,"Don't Worry, Be Happy",1988,
Eric Carnen,38,Make Me Lose Control,1988,
Richard Marx,47,Should've Known Better,1988,
Pet Shop Boys and Dusty Springfield,50,What Have I Done To Deserve This?,1988,
Jody Watley,55,Don't You Want Me,1988,
Gloria Estefan and Miami Sound Machine,62,1 2 3 4,1988,
Cheap Trick,70,Don't Be Cruel,1988,
Bruce Hornsby and The Range,78,The Valley Road,1988,
Bobby Brown,79,Don't Be Cruel,1988,
Brenda Russell feat. Joe Esposito,81,Piano In The Dark,1988,
Paul Carrack,83,Don't Shed A Tear,1988,
Steve Winwood,88,Don't You Know What The Night Can Do,1988,
Gloria Estefan and Miami Sound Machine,90,Can't Stay Away From You,1988,
John Cougar Mellancamp,92,Cherry Bomb,1988,
Steve Windwood,96,Valerie,1988,
Robbie Nevil,6,C'est La Vie,1987,
Whitney Houston,22,Didn't We Almost Have It All,1987,
Bill Medley and Jennifer Warnes,27,(I've Had) The Time Of My Life,1987,
Peter Cetera and Amy Grant,28,The Next Time I Fall,1987,
T'pau,33,Heart And Soul,1987,
Aretha Franklin and George Michael,36,I Knew You Were Waiting (For Me),1987,
Linda Ronstadt and James Ingram,39,Somewhere Out There,1987,
Michael Jackson and Siedah Garrett,45,I Just Can't Stop Loving You,1987,
Richard Marx,54,Don't Mean Nothing,1987,
Dan Hill,63,Can't We Try,1987,
Bruce Hornsby and The Range,65,Mandolin Rain,1987,
Heart,88,Who Will You Run Too,1987,
Pretenders,92,Don't Get Me Wrong,1987,
Cutting Crew,97,I've Been In Love Before,1987,
Pseudo Echo,99,Funkytown,1987,
Patti Labelle and Michael McDonald,4,On My Own,1986,
Billy Ocean,16,There'll Be Sad Songs,1986,
Glass Tiger,34,Don't Forget Me (When I'm Gone),1986,
Wham!,63,I'm Your Man,1986,
Paul McCartney,92,Spies Like Us,1986,
Toto,99,I'll Be Over You,1986,
Wham!,1,Careless Whisper,1985,
REO Speedwagon,13,Can't Fight This Feeling,1985,
Simple Minds,16,Don't You (Forget About Me),1985,
Billy Ocean,28,Lover Boy,1985,
Teena Marie,29,Lover Girl,1985,
Chicago,37,You're The Inspiration,1985,
Phil Collins and Marilyn Martin,50,Separate Lives,1985,
Phil Collins,64,Don't Lose My Number,1985,
Bruce Springsteen,82,I'm On Fire,1985,
Daryl Hall and John Oates,83,Method Op Modern Love,1985,
The Time,91,Jungle Of Love,1985,
Paul McCartney and Michael Jackson,3,Say Say Say,1984,
Julio Iglesias and Willie Nelson,50,To All The Girls I've Loved Before,1984,
Kenny Rogers and Dolly Parton,56,Islands In The Stream,1984,
Mike Reno and Ann Wilson,59,Almost Paradise,1984,
Irene Cara,69,Breakdance,1984,
Tracy Ullman,71,They Don't Know,1984,
K.C.,75,Give It Up,1984,
Ollie And Jerry,80,Breakin'â€¦ There's No Stopping Us,1984,
James Ingram and Michael McDonald,100,Yah Mo B There,1984,
Irene Cara,3,Flashdanceâ€¦ What A Feeling,1983,
Patti Austin and James Ingram,8,Baby Come To Me,1983,
Eddy Grant,22,Electric Avenue,1983,
Thomas Dolby,23,She Blinded Me Withh Science,1983,
Kenny Rogers and Sheena Easton,40,We've Got Tonight,1983,
Naked Eyes,46,Always Somethmg There To Remind Me,1983,
Styx,60,Don't Let It End,1983,
Elton John,74,I'm Still Standing,1983,
Culture Club,77,I'll Tumble 4 Ya,1983,
Eric Clapton,94,I've Got A Rock 'N' Roll Heart,1983,
Peabo Bryson and Roberta Flack,96,Tonight I Celebrate My Love,1983,
Asia,98,Don't Cry,1983,
Paul McCartney and Stevie Wonder,4,Ebony And Ivory,1982,
Human League,6,Don't You Want Me,1982,
Rick Springfield,20,Don't Talk To Strangers,1982,
Quincy Jones,61,Owe Hundred Ways,1982,
Sheena Easton,64,You Could Have Been Wih Me,1982,
Deneice Williams,71,It's Gonna Take A Miracle,1982,
Journey,73,Don't Stop Bellevin',1982,
Michael Murphy,93,What's Forever For,1982,
Greg Guidry,97,Goin' Down,1982,
Diana Ross and Lionel Richie,2,Endless Love,1981,
Joey Scarbury,11,Theme From â€œGreatest American Heroâ€,1981,
Gino Vannelli,34,Living Outside Myself,1981,
Terri Gibbs,51,Someone's Knockin',1981,
John Cougar,63,Ain't Even Done With The Night,1981,
Police,71,Don't Stand So Close To Me,1981,
Stanley Clarke and George Duke,78,Sweet Baby,1981,
John Schneider,82,It's Now Or Never,1981,
Daryl Hall and John Oates,90,You've Lost That Lovin' Feelin',1981,
Olivia Newton-John and Cliff Richard,91,Suddenly,1981,
Gary Wright,96,Really Wanna Know You,1981,
Diana Ross,98,I'm Coming Out,1981,
Cristopher Cross,17,Ride Like The Wind,1980,
K.C. and The Sunshine Band,19,Please Don't Go,1980,
Billy Preston and Syreeta,21,With You I'm Born Again,1980,
Teri De Sario With K.C.,24,"Yes, I'm Ready",1980,
Spinners,29,Cupid/I've Loved You For A Long Time,1980,
Kenny Rogers and Kim Carnes,31,Don't Fall In Love With A Dreamer,1980,
Barbra Streisand and Donna Summer,38,No More Tears (Enough Is Enough),1980,
J.D. Souther,57,You're Only Lonely,1980,
Andy Gibb,58,Desire,1980,
Isaac Hayes,63,Don't Let Go,1980,
Tom Petty and The Heartbreakers,64,Don't Do Me Like That,1980,
Neil Sedaka and Dara Sedaka,76,Should've Never Let You Go,1980,
Joe Walsh,99,All Night Long,1980,
Barbra Streisand and Neil Diamond,21,You Don't Bring Me Flowers,1979,
Suzi Quatro and Chris Norman,23,Stumblin' In,1979,
Melissa Manchester,26,Don't Cry Out Loud,1979,
Alicia Bridges,64,I Love The Night Life,1979,
McFadden and Whitehead,65,Ain't No Stoppin' Us Now,1979,
Ian Matthews,73,Shake It,1979,
Electric Light Orchestra,81,Don't Bring Me Down,1979,
Michael Jackson,91,Don't Stop 'Til You Get Enough,1979,
Bob Seger and The Silver Bullet Band,94,We've Got Tonight,1979,
Nigel Olsson,96,Dancing Shoes,1979,
John Travolta and Olivia Newton-John,13,You're The One That I Want,1978,
Queen,25,We Will Rock You / We Are The Champions,1978,
Barry Manilow,27,Can't Smile Without You,1978,
Johnny Mathis and Deniece Williams,28,"Too Much, Too Little, Too Late",1978,
Rod Stewart,37,You're In My Heart,1978,
O'Jays,42,Use Ta Be My Girl,1978,
Evelyn â€œChampagneâ€ King,64,Shame,1978,
John Travolta and Olivia Newton-john,69,Summer Nights,1978,
Crystal Gayle,71,Don't It Make My Brown Eyes Blue,1978,
Kenny Loggins,83,Whenever I Call You â€œFriendâ€,1978,
Alicia Bridges,88,I Love The Night Life,1978,
Boston,93,Don't Look Back,1978,
Rita Coolidge,98,We're All Alone,1978,
Barbra Streisand,4,Love Theme From â€œA Star Is Bornâ€,1977,
K.C. and The Sunshine Band,11,I'm Your Boogie Man,1977,
Bill Conti,21,Theme From â€œRockyâ€ (Gonna Fly Now),1977,
David Soul,29,Don't Give Up On Us,1977,
Climax Blues Band,32,Couldn't Get It Right,1977,
Natalie Cole,35,I've Got Love On My Mind,1977,
Peter Frampton,42,I'm In You,1977,
Fleetwood Mac,52,Don't Stop,1977,
Helen Reddy,56,You're My World,1977,
K.C. and The Sunshine Band,75,Keep It Comin' Love,1977,
Joe Tex,86,Ain't Gonna Bump No More (With No Big Fat Woman),1977,
Dr. Buzzard's Original Savannah Band,91,Whispering-Cherchez La Femme-C'est Si Bon,1977,
B.J. Thomas,96,Don't Worry Baby,1977,
Elton John and Kiki Dee,2,Don't Go Breaking My Heart,1976,
Walter Murphy and The Big Apple Band,10,A Fifth Of Beethoven,1976,
England Dan and John Ford Coley,21,I'd Really Love To See You Tonight,1976,
K.C. and The Sunshine Band,26,"(Shake, Shake, Shake) Shake Your Booty",1976,
Rhythm Heritage,29,Theme From â€œS.W.A.Tâ€,1976,
Lou Rawls,32,You'll Never Find Another Love Like Mine,1976,
Diana Ross,43,Theme From â€œMahoganyâ€,1976,
K.C. and The Sunshine Band,45,That's The Way I Like It,1976,
O'Jays,52,I Love Music (Pt. 1),1976,
Brothers Johnson,61,I'll Be Good To You,1976,
Wing and A Prayer Fife and Drum Corps,67,Baby Face,1976,
Keith Carradine,71,I'm Easy,1976,
Harold Melvin and The Bluenotes,72,Wake Up Everybody (Pt. 1),1976,
Ohio Players,86,Who'd She Coo,1976,
Rick Dees,96,Disco Duck,1976,
Van McCoy and The Soul City Symphony,21,The Hustle,1975,
Michael Murphy,39,Wildfire,1975,
Jessi Colter,40,I'm Not Lisa,1975,
10cc,42,I'm Not In Love,1975,
Barry White,48,"You're The First, The Last, My Everthing",1975,
Linda Ronstadt,50,You're No Good,1975,
Sugarloaf,55,"Don't Call Us, We'll Call You",1975,
K.C. and The Sunshine Band,64,Get Down Tonight,1975,
Joe Cocker,65,You Are So Beautiful / It's A Sin When You Love Somebody,1975,
Paul Anka and Odia Coates,66,One Man Woman-One Woman Man,1975,
John Denver,77,I'm Sorry / Calypso,1975,
Electric Light Orchestra,81,Can't Get It Out Of My Head,1975,
Ringo Starr,87,No No Song / Snookeroo,1975,
Paul McCartney and Wings,88,Junior's Farm / Sally G,1975,
Dwight Twilley Band,95,I'm On Fire,1975,
Bachman-Turner Overdrive,98,You Aint Seen Nothin' Yet / Free Wheelin',1975,
Paul McCartney and Wings,22,Band On The Run,1974,
Paul Anka,28,(You're) Having My Baby,1974,
Gladys Knight and The Pips,41,I've Got To Use My Imagination,1974,
Mocedades,62,Eres TÃº (Touch The Wind),1974,
O'Jays,68,Put Your Hands Together,1974,
Chicago,73,I've Been Searchin' So Long,1974,
O'Jays,75,For The Love Of Money,1974,
Paul McCartney and Wings,77,Jet,1974,
Elton John,78,Don't Let The Sun Go Down On Me,1974,
Donny and Marie Osmond,81,I'm Leaving It All Up To You,1974,
Jim Croce,85,I'll Have To Say I Love You In A Song,1974,
Stevie Wonder,88,Don't You Worry 'Bout A Thing,1974,
Paul McCartney and Wings,92,Helen Wheels,1974,
Spinners,100,"Mighty Love, Pt. 1",1974,
Tony Orlando and Dawn,1,Tie A Yellow Ribbon 'Round The Ole Oak Tree,1973,
Paul McCartney and Wings,5,My Love,1973,
Carly Simon,9,You're So Vain,1973,
Isley Bros.,21,That Lady,1973,
Grand Funk Railroad,23,We're An American Band,1973,
O'Jays,32,Love Train,1973,
Barry White,33,I'm Gonna Love You Just A Little More,1973,
Bobby â€œBorisâ€ Pickett and The Crypt Kickers,38,Monster Mash,1973,
New York City,46,I'm Doing Fine Now,1973,
Four Tops,60,Ain't No Woman (Like The One I Got),1973,
Blue Ridge Rangers,86,Jambalaya (On The Bayou),1973,
Jud Strunk,89,Daisy A Day,1973,
Staple Singers,19,I'll Take You There,1972,
O'Jays,35,Back Stabbers,1972,
Badfinger,39,Day Atter Day,1972,
Al Green,59,I'm Still In Love With You,1972,
Charlie Pride,74,Kiss An Angel Good Morning,1972,
Jerry Butler and Brenda Lee Eager,84,Ain't Understanding Mellow,1972,
Beverly Bremers,86,Don't Say You Don't Rememeer,1972,
New Seekers,93,I'd Like To Teach The World To Sing,1972,
Don Mclean,94,Vincent / Castles In The Air,1972,
Hillside Singers,97,I'd Like To Teach The World To Sing,1972,
Love Unlimited,98,Walking In The Rain With The One I Love,1972,
Isley Bros.,100,Pop That Thang,1972,
Rod Stewart,2,Maggie May / (Find A) Reason To Believe,1971,
Carole King,3,It's Too Late / I Feel The Earth Move,1971,
James Taylor,16,You've Got A Friend,1971,
Paul and Linda McCartney,22,Uncle Albert-Admiral Halsey,1971,
Murray Head and The Trinidad Singers,26,Superstar,1971,
Free Movement,27,I Found Someone Of My Own,1971,
George Harrison,31,My Sweet Lord / Isn't It A Pity,1971,
"Hamilton, Joe Frank and Reynolds",42,Don't Pull Your Love,1971,
Fuzz,45,I Love You Foe All Seasons,1971,
Partridge Family,53,Doesn't Somebody Want To Be Wanted,1971,
Chicago,56,Beginnings / Color My World,1971,
Paul McCartney,60,"Another Day / Oh Woman, Oh Why",1971,
8th Day,64,She's Not Just Another Woman,1971,
Delaney and Bonnie and Friends,67,Never Ending Song Of Love,1971,
Freddy Hart,68,Easy Loving,1971,
Honey Cone,70,Stick-up,1971,
Isaac Hayes,89,Theme From â€œShaftâ€,1971,
Wilson Pickett,93,"Don't Knock My Love, Pt. 1",1971,
Fifth Dimension,98,One Less Bell To Answer,1971,
Guess Who,3,American Woman / No Sugar Tonight,1970,
Diana Ross,6,Ain't No Mountain High Enough,1970,
Jackson 5,7,I'll Be There,1970,
Jackson 5,16,The Love You Save / I Found That Girl,1970,
Neil Diamond,17,Cracklin' Rose,1970,
Sly and The Family Stone,19,Thank You (Fallettin Me Be Mice Elf Again) / Everybody Is A Star,1970,
Five Stairsteps and Cubie,21,O-o-h Child / Dear Prudence,1970,
Melanie and The Edwin Hawkins Singers,23,Lay Down (Candles In The Rain),1970,
Creedence Clearwater Revival,36,Lookin' Out My Back Door / Long As I Can See The Light,1970,
Chairmen Of The Board,39,Give Me Just A Little More Time,1970,
Beatles,41,The Long And Winding Road / For You Blue,1970,
Alive and Kicking,47,"Tighter, Tighter",1970,
Simon and Garfunkel,49,Cecelia,1970,
Elvis Presley,72,The Wonder Of You / Mama Liked The Roses,1970,
Creedence Clearwater Revival,73,Up Around The Bend / Run Through The Jungle,1970,
100 Proof Aged In Soul,84,Somebody's Been Sleeping,1970,
Creedence Clearwater Revival,89,Travelin' Band / Who'll Stop The Rain,1970,
Tom Jones,92,Without Love (There Is Nothing),1970,
Dionne Warwick,95,I'll Never Fall In Love Again,1970,
Fifth Dimension,2,Aquarius / Let The Sunshine In,1969,
Tom Jones,8,I'll Never Fall In Love Again,1969,
Henry Mancini and His Orch.,15,Love Theme From Romeo And Juliet,1969,
Fifth Dimension,40,Wedding Bell Blues,1969,
"Blood, Sweat and Tears",45,You've Made Me So Very Happy,1969,
Grass Roots,48,I'd Wait A Million Years,1969,
Sammy Davis Jr.,51,I've Gotta Be Me,1969,
Mama Cass Elliot,55,It's Getting Better,1969,
Lou Christie,60,I'm Gonna Make You Mine,1969,
James Brown,68,Mother Popcorn (Part I),1969,
New Colony Six,70,Things I'd Like To Say,1969,
Diana Ross and The Supremes,87,I'm Gonna Make You Love Me,1969,
Fifth Dimension,17,Stoned Soul Picnic,1968,
Cliff Nobles and Co.,21,The Horse,1968,
O'Kaysions,45,Girl Watcher,1968,
Marvin Gaye and Tammi Terrell,57,Ain't Nothing Like The Real Thing,1968,
Bee Gees,59,I've Gotta Get A Message To You,1968,
Tommy Boyce and Bobby Hart,72,I Wonder What She's Doing Tonight,1968,
Stevie Wonder,75,Shoo-Bee-Doo-Be-Doo-Da-Day,1968,
Marvin Gaye and Tammi Terrell,82,You're All I Need To Get By,1968,
James Brown and The Famous Flames,90,Say It Loud I'm Black And I'm Proud,1968,
Bobby Gentry,3,Ode To Billie Joe,1967,
Nancy Sinatra and Frank Sinatra,7,Somethin' Stupid,1967,
Frankie Valli,10,Can't Take My Eyes Off You,1967,
Bobby Vee and The Strangers,15,Come Back When You Grow Up,1967,
Vicki Carr,25,It Must Be Him,1967,
Buckinghams,39,Don't You Care,1967,
Fifth Dimension,47,"Up, Up And Away",1967,
Young Rascals,54,I've Been Lonely Too Long,1967,
Temptations,56,You're My Everything,1967,
Easy Beats,66,Friday On My Mind,1967,
Turtles,78,She'd Rather Be With Me,1967,
Marvin Gaye and Tammi Terrell,87,Ain't No Mountain High Enough,1967,
Bill Cosby,92,Little Ole Man (Uptight-Everything's Alright),1967,
Petula Clark,99,Don't Sleep In The Subway,1967,
James and Bobby Purify,46,I'm Your Puppet,1966,
B.J. Thomas and The Triumphs,47,I'm So Lonesome I Could Cry,1966,
Temptations,48,Ain't Too Proud To Beg,1966,
Ray Charles,52,Crying Time,1966,
T-Bones,66,No Matter What Shape (Your Stomach Is In),1966,
Marvelettes,74,Don't Mess With Bill,1966,
Wilson Pickett,84,"Land Of 1,000 Dances",1966,
Herman's Hermits,8,Can't You Hear My Heartbeat,1965,
Jewel Aikens,13,The Birds And The Bees,1965,
Ramsey Lewis Trio,18,The â€œInâ€ Crowd,1965,
Freddie and The Dreamers,42,I'm Telling You Now,1965,
Herman's Hermits,46,"I'm Henry VIII, I Am",1965,
Marvin Gaye,58,I'll Be Doggone,1965,
Dickle Lee,71,Laurie (Strange Things Happen),1965,
Patty Duke,77,Don't Just Stand There,1965,
Fortunes,84,You've Got Your Troubles,1965,
"Dino, Desi and Billy",97,I'm A Fool,1965,
Gale Garnett,8,We'll Sing In The Sunshine,1964,
Barbara Streissand,11,People,1964,
Serendipity Singers,32,Don't Let The Rain Come Down (Crooked Little Man),1964,
Betty Everett and Jerry Butler,34,Let It Be Me,1964,
Gerry and The Pacemakers,49,Don't Let The Sun Catch You Crying,1964,
Bobby Freeman,54,C'mon And Swim,1964,
Dave Clark Five,67,Can't You See That She's Mine,1964,
Impressions,80,I'm So Proud,1964,
Searchers,87,Don't Throw Your Love Away,1964,
"Robert Maxwell, His Harp and Orch.",92,Shangri-La,1964,
Gene Simmons,93,Haunted Houses,1964,
Little Stevie Wonder,8,Fingertips II,1963,
Andy Williams,11,Can't Get Used To Losing You,1963,
Dale and Grace,18,I'm Leaving It Up To You,1963,
Bobby Darin,23,You're The Reason I'm Living,1963,
Kal Winding,60,More,1963,
Miracles,65,You've Really Got A Hold On Me,1963,
Elvis Presley,69,(You're The) Devil In Disguise,1963,
The Cookies,79,Don't Say Nothin' Bad About My Baby,1963,
Roll Harris,84,"Tie Me Kangaroo Down, Sport",1963,
Dixiebelles With Cornbread and Jerry,90,(Down At) Papa Joe's,1963,
Joey Dee and The Starlighters,25,Peppermint Twist,1962,
Connie Francis,31,Don't Break The Heart That Loves You,1962,
Highwaymen,36,Cotton Fields,1962,
Emillo Pericoli,48,Al Di La',1962,
Dave â€œBabyâ€ Cortez,59,Rinky Dink,1962,
Barbara Lynn,71,You'll Lose A Good Thing,1962,
Dickie Lee,74,Patches,1962,
Rick Nelson,77,Teen Age Idol,1962,
Dick and Deedee,84,Tell Me,1962,
Bobby Rydell,93,I'll Never Dance Again,1962,
Ikettes,94,I'm Blue,1962,
Eddie Hodges,96,"(Girls, Girls, Girls) Were Made To Love",1962,
Highwaymen,3,Michael,1961,
Joe Dowell,10,Wooden Heart (Muss I Denn),1961,
Marty Robbins,28,Don't Worry,1961,
Steve Lawrence,30,Portrait Op My Love,1961,
JÃ¸rgen Ingmann,35,Apache,1961,
Linda Scott,36,Don't Bet Money Honey,1961,
Clarence â€œFrog Manâ€ Henry,43,I Don't Know Why But I Do,1961,
Linda Scott,74,I've Told Every Little Star,1961,
Matt Monroe,84,My Kind Of Girl,1961,
Eddie Hodges,92,I'm Gonna Knock On Your Door,1961,
Percy Faith,1,Theme From â€œA Summer Placeâ€,1960,
Brenda Lee,6,I'm Sorry,1960,
Brian Hyland,19,Itsy Bitsy Teenie Weenie Yellow Polkadot Bikini,1960,
Brook Benton and Dinah Washington,27,Baby (You Got What It Takes),1960,
Freddie Cannon,40,Way Down Yonder In New Orleans,1960,
Anita Bryant,41,Paper Roses,1960,
Marv Johnson,46,You've Got What It Takes,1960,
Jeanne Black,52,He'll Have To Stay,1960,
Bobby Rydell,54,Volare (Nel Blu Dipinto Di Blu),1960,
Safaris and The Phantom's Band,62,Image Of A Girl,1960,
Spencer Ross,81,Tracy's Theme,1960,
Dave â€œBabyâ€ Cortez,22,The Happy Organ,1959,
Lloyd Price,23,I'm Gonna Get Married,1959,
Sammy Turner,33,Lavender Blue (Dilly Dilly),1959,
Edward Burns and Connie Stevens,37,Kookie Kookie (Lend Me Your Comb),1959,
Freddie Cannon,40,Talahassee Lassie,1959,
Ray Charles,50,What'd I Say,1959,
The Bell Notes,62,I've Had It,1959,
David Seville and The Chipmunks,67,The Chipmunk Song,1959,
Tommy Dee and Carol Kay,81,Three Stars,1959,
Reg Owens Orch.,86,Manhattan Spiritual,1959,
Falcons,91,You're So Fine,1959,
Paul Evans and The Curls,100,(Seven Little Girls) Sitting In The Back Seat,1959,
Everly Brothers,2,All I Have To Do Is Dream / Claudette,1958,
Elvis Presley,3,Don't / I Beg Of You,1958,
Billy Vaughn,6,Sail Along Silvery Moon / Raunchy,1958,
Perry Como,7,Catch A Falling Star / Magic Moments,1958,
Everly Brothers,13,Bird Dog / Devoted To You,1958,
Ricky Nelson,16,Stood Up / Waitin' In School,1958,
Elvis Presley,22,Wear My Ring Around Your Neck / Doncha' Think It's Time,1958,
Pat Boone,24,Wonderful Time Up There / It's Too Soon To Know,1958,
Bobby Day,27,Rockin Robbin / Over And Over,1958,
Cozy Cole,30,Topsy II / Topsy I,1958,
Nat King Cole,31,Looking Back / Do I Like It,1958,
Tommy Dorsey Orch. and Warren Covington,33,Tea For Two Cha Cha,1958,
Royal Teens,35,Short Shorts,1958,
Jack Scott,40,My True Love / Leroy,1958,
Elvis Presley,49,Hard-Headed Woman / Don't Ask Me Why,1958,
Playmates,60,Beep Beep (The Little Nash Rambler),1958,
Kathy Linden,90,Billy,1958,
Roy Hamilton,93,Don't Let Go,1958,
Jan and Arnie,96,Jennie Lee,1958,
Marty Robins,98,The Story of My Life,1958,
Frankie Avalon,99,I'll Wait For You,1958,
Tab Hunter,4,Young Love,1957,
Pat Boone,6,Don't Forbid Me,1957,
Elvis Presley,14,Teddy Bear / Loving You,1957,
Dell-vikings,18,Come Go With Me,1957,
Crickets,30,That'll Be The Day,1957,
Fats Domino,38,I'm Walkin',1957,
Billy Williams,45,I'm Gonna Sit Rlght Down And Write Myself A Letter,1957,
Dell-Vikings,49,Whispering Bells,1957,
Jane Morgan and the Troubadours,52,Fascination,1957,
Billy Ward and His Dominoes,54,Star Dust,1957,
Mantovani,65,Around the World,1957,
Don Rondo,69,White Silver Sands,1957,
Margie Rayburn,90,I'm Available,1957,
Larry Williams,91,Bony Maronie,1957,
Harry Belafonte,92,Mama Look at Bubu,1957,
Rusty Draper,97,Freight Train,1957,
Jimmy Bowen,99,I'm Sticking with You,1957,
Elvis Presley,2,Don't Be Cruel,1956,
Morris Stoloff,11,Moonglow And Theme From â€œPicnicâ€,1956,
Eddie Heywood and Hugo Winterhalter,17,Canadian Sunset,1956,
Fats Domino,25,I'm In Love Again,1956,
Buchanan and Goodman,30,The Flying Saucer,1956,
George Cates,31,Moonglow And Theme From Picnic,1956,
Pat Boone,34,I'll Be Home,1956,
Dream Weavers,51,It's Almost Tomorrow,1956,
Eddy Heywood,54,Soft Summer Breeze,1956,
Dick Hyman,60,Moritat (Theme From Threepenny Opera),1956,
Gale Storm,61,Ivory Tower,1956,
Vince Martin and the Tarriers,63,Cindy Oh Cindy,1956,
Gale Storm,67,Why Do Fools Fall in Love,1956,
Gale Storm,68,Teen Age Prayer,1956,
Rusty Draper,77,Are You Satisfied,1956,
Jo Stafford,78,It's Almost Tomorrow,1956,
Platters,79,You'll Never Never Know,1956,
Fontane Sisters,84,Eddie My Love,1956,
Don Rondo,85,Two Different Worlds,1956,
Jane Powell,86,True Love,1956,
Richard Hayman and Jan August,87,Moritat,1956,
Lawrence Welk,96,Tonight You Belong to Me,1956,
Richard Maltby,98,Theme From 'the Man with the Golden Arm,1956,
Bill Hayes,6,The Ballad Of Davy Crockett,1955,
Pat Boone,9,Ain't That A Shame,1955,
Crazy Otto,11,Crazy Otto Medley I & 11,1955,
Fontaine Sisters,15,Hearts Of Stone,1955,
Gisele Mackenzie,26,Hard To Get,1955,
Jaye P. Morgan,28,That's All I Want From You,1955,
Somethin' Smith and The Redheads,30,It's A Sin To Tell A Lie,1955,
Jo Stafford,5,Make Love To Me,1954,
Frank Weir,17,The Happy Wanderer,1954,
Ralph Marterie,22,Skokiaan,1954,
Les Paul and Mary Ford,2,Vaya Con Dios,1953,
Eddie Fisher,4,I'm Walking Behind You,1953,
Perry Como,9,Don't Let The Stars Get In Your Eyes,1953,
Julius La Rosa,18,Eh Cumpari,1953,
Frankie Laine and Jimmy Boyd,23,Tell Me A Story,1953,
Eartha Kitt,29,C'est Si Bon,1953,
Eddie Fisher and Hugo Winterhalter,7,Wish You Were Here,1952,
Eddie Fisher and Hugo Winterhalter,12,Any Time,1952,
Jo Stafford,15,Jambalaya,1952,
Eddie Fisher and Hugo Winterhalter,20,I'm Yours,1952,
Don Cornell,26,I'm Yours,1952,
Don Cornell,27,I'll Walk Alone,1952,
Eddie Fisher and Hugo Winterhalter,28,Tell Me Why,1952,
Les Paul and Mary Ford,3,How High The Moon,1951,
Les Paul and Mary Ford,13,Mockin' Bird Hill,1951,
Guy Mitchell and Mitch Miller,15,My Heart Cries For You,1951,
Les Paul and Mary Ford,19,The World Is Waiting For The Sunrise,1951,
Four Aces and Al Alberta,21,(It's No) Sin,1951,
Debbie Reynolds and Carlton Carpenter,22,Aba Daba Honeymoon,1951,
Perry Como,27,You're Just In Love,1951,
Gary and Bing Crosby,4,Sam's Song,1950,
Sammy Kaye and Don Cornell,10,It Isn't Fair,1950,
Eileen Barton,11,If I Knew You Were Coming I'd've Baked A Cake,1950,
Gordon Jenkins and The Weavers,13,"Tzena, Tzena, Tzena",1950,
Tennessee Ernie Ford and Kay Starr,20,I'll Never Be Free,1950,
Gordon Jenkins,22,My Foolish Heart,1950,
Gordon Jenkins,26,Bewitched,1950,
Vic Damone,3,You're Breaking My Heart,1949,
Jimmy Wakely and Margaret Whiting,5,Slipping Around,1949,
Al Morgan,10,Jealous Heart,1949,
The Blue Barron,11,Cruising Down The River,1949,
Gordon Jenkins,13,Again,1949,
Gordon Jenkins,16,"Don't Cry, Joe",1949,
Sammy Kaye,17,Room Full Of Roses,1949,
Jo Stafford and Gordon MacRae,25,Whispering Hope,1949,
Sammy Kaye,26,Careless Hands,1949,
Tommy Dorsey and Charlie Shavers,29,The Hucklebuck,1949,
Gordon Jenkins,30,I Don't See Me In Your Eyes Any More,1949,
Jon and Sondra Steele,5,My Happiness,1948,
Ken Griffin and Jerry Wayne,6,"You Can't Be True, Dear",1948,
Al Trace,8,You Call Everybody Darlin',1948,
Art Mooney,10,I'm Looking Over A Four Leaf Clover,1948,
Gordon Jenkins,12,Maybe You'll Be There,1948,
The King Cole Trio,14,Nature Boy,1948,
Doris Day and Buddy Clark,16,Love Somebody,1948,
Francis Craig,18,Beg Your Pardon,1948,
Art Mooney,23,Baby Face,1948,
Arthur Godfrey,24,Too Fat Polka,1948,
Sammy Kaye,27,Serenade Of The Bells,1948,
Tommy Dorsey,28,Until,1948,
Primo Scala,32,Underneath The Arches,1948,
Kay Kyser,33,On a Slow Boat to China,1948,
Sportsmen and Mel Blanc,34,Woody Woodpecker,1948,
Ray Noble,35,I'll Dance at Your Wedding,1948,
Freddy Martin,36,The Dickey-Bird Song,1948,
Russ Morgan and Milt Herth,37,I'm Looking Over A Four Leaf Clover,1948,
The Harmonicats,2,Peg O' My Heart,1947,
Ray Noble and Buddy Clark,4,Linda,1947,
The Three Suns,7,Peg O' My Heart,1947,
Larry Green,9,Near You,1947,
Sammy Kaye,10,That's My Desire,1947,
Art Lund,12,Mam'selle,1947,
Red Ingle and Jo Stafford,15,Temptation (Tim-tayshun),1947,
Ted Weems and Perry Como,16,I Wonder Who's Kissing Her Now,1947,
Jack Owens,20,How Soon,1947,
Arthur Godfrey,21,Too Fat Polka,1947,
The King Cole Trio,26,I Love You For Sentimental Reasons,1947,
Dick Haymes,27,Mam'selle,1947,
Andrews Sisters and Danny Kaye,33,Civilization Bongo Bongo Bongo,1947,
Art Lund,35,Peg O' My Heart,1947,
Count Basie,36,"Open The Door, Richard",1947,
Charlie Spivak,39,Linda,1947,
Tex Beneke and The Glenn Miller Orchestra,41,Anniversary Song,1947,
Kay Kyser,47,Ole Buttermilk Sky,1947,
Bing Crosby and Carmen Cavallaro,19,I Can't Begin To Tell You,1946,
Sammy Kaye,20,I'm A Big Girl Now,1946,
Bing Crosby,21,Symphony,1946,
Sammy Kaye,23,The Gypsy,1946,
Tex Beneke and The Glenn Miller Orchestra,25,Five Minutes More,1946,
Tex Beneke and The Glenn Miller Orchestra,28,Hey! Ba-Ba-Re-Bop,1946,
Dick Haymes and Helen Forrest,35,Oh! What It Seemed To Be,1946,
Andrews Sisters and Les Paul Trio,36,Rumors Are Flying,1946,
Modernaires and Paula Kelly,39,To Each His Own,1946,
The King Cole Trio,41,I Love You For Sentimental Reasons,1946,
Johnny Mercer,5,"On the Atchison, Topeka & the Santa Fe",1945,
Sammy Kaye,9,Chickery Chick,1945,
Johnny Mercer & Joe Stafford,11,Candy,1945,
Duke Ellington,12,I'm Beginning to See The Light,1945,
Ella Fitzgerald & The Ink Spots,14,I'm Beginning to See The Light,1945,
Bing Crosby & Les Paul,15,"It's Been a Long, Long Time",1945,
Harry James,18,I'm Beginning to See The Light,1945,
Bing Crosby,24,A Friend of Yours,1945,
Helen Forrest & Dick Haymes,28,I'll Buy That Dream,1945,
Perry Como,39,I'm Gonna Love That Gal,1945,
Frank Sinatra,41,Dream (When You're Feeling Blue),1945,
Louis Prima,42,Bell Bottom Trousers,1945,
Dick Thomas,50,Sioux City Sue,1945,
Frankie Carle,51,A Little On The Lonely Side,1945,
Tex Ritter,52,You Two Timed Me Once Too Often,1945,
Joe Liggins,57,The Honeydripper (Parts 1 & 2),1945,
Cyro Monteiro,67,Boogie-Woogie na Favela,1945,
Frank Sinatra,68,You'll Never Walk Alone,1945,
Phil Moore Four,69,My Dreams Are Getting Better All the Time,1945,
Harry James,73,I'll Buy That Dream,1945,
Hal McIntyre & his Orchestra,76,Sentimental Journey,1945,
Johnny Long,77,My Dreams Are Getting Better All the Time,1945,
Gilberto Alves,79,Prece a Lua,1945,
Merry Macs,5,Mairzy Doates,1944,
Bing Crosby,6,I'll Be Seeing You,1944,
Glen Gray,9,My Heart Tells Me,1944,
Dinah Shore,11,I'll Walk Alone,1944,
Ella Fitzgerald & Ink Spots,12,I'm Making Believe,1944,
The King Cole Trio,13,Straighten Up And Fly Right,1944,
The Ames Brothers,14,Til Then,1944,
Harry James,15,I'll Get By,1944,
Ella Fitzgerald & Ink Spots,21,Into Each Life Some Rain Must Fall,1944,
Benny Carter,22,I'm Lost,1944,
Ink Spots with Ella Fitzgerald,24,Cow-Cow Boogie -(Cuma-Ti-Yi-Yi-Ay),1944,
Lawrence Welk,32,Don't Sweetheart Me,1944,
Dick Haymes and Helen Forrest,34,It Had To Be You,1944,
Helen Forrest,35,Time Waits For No One,1944,
Harry James with Helen Forrest,5, I’ve Heard That Song Before ,1943,
The Ink Spots,7, Don’t Get Around Much Anymore ,1943,
The Song Spinners,12, Comin In on a Wing and a Prayer ,1943,
Al Dexter & His Troops,15, Pistol Packin’ Mama ,1943,
Dinah Shore,20, You’d Be So Nice To Come Home to ,1943,
Frank Sinatra,26, You’ll Never Know ,1943,
Jimmy Wakely,28, There’s A Star Spangled Banner Waving Somewhere ,1943,
Duke Ellington,32, Don’t Get Around Much Anymore ,1943,
Harry James,34, Mister Five By Five ,1943,
by Benny Goodman,37, Why Don’t You Do Right ,1943,
Fred Astaire,38, I’m Old Fashioned ,1943,
The Glenn Miller Orchestra,2,(I've Got a Gal In) Kalamazoo,1942,
Tommy Dorsey and His Orchestra vocals by Frank Sinatra & The Pied Pipers,3,There Are Such Things,1942,
Kay Kyser and His Orchestra vocals by Jack Martin & the Glee Club written by Johnny Mercer [adToAppearHere] 41. (There'll Be Bluebirds Over) The White Cliffs of Dover by The Glenn Miller Orchestra,4, Strip Polka,1942,
Harry James and His Orchestra,5, I Had the Craziest Dream,1942,
Harry James and His Orchestra,6,Sleepy Lagoon,1942,
Jimmy Dorsey and His Orchestra vocals by Bob Eberly & Helen O'Connell,7, Tangerine,1942,
Kay Kyser and His Orchestra vocals by Harry Babbitt,8, Jingle Jangle Jingle,1942,
The Glenn Miller Orchestra,11, Don't Sit Under the Apple Tree (With Anyone else But Me),1942,
Benny Goodman and His Orchestra,13, Jersey Bounce,1942,
Kay Kyser and His Orchestra vocals by the Glee Club,16, Praise the Lord and Pass the Ammunition!,1942,
Harry James and His Orchestra vocals by Helen Forrest,17, I Don't Want to Walk without You,1942,
Charlie Spivak and His Orchestra,18, My Devotion,1942,
Kay Kyser and His Orchestra vocals by Harry Babbitt,19, He Wears a Pair of Silver Wings,1942,
Alvino Rey and His Orchestra,20, I Said No!,1942,
Five by Harry James and His Orchestra vocals by Helen Forrest,21, Mister Five by Five,1942,
Spike Jones and His City Slickers vocals by Carl Grayson,22, Der Fuehrer's Face,1942,
Tommy Dorsey and His Orchestra vocals by Frank Sinatra & The Pied Pipers,23, Just As Though You Were Here,1942,
Alvino Rey and His Orchestra vocals by bill schallen & skeets herfurt,24, Deep in the Heart of Texas,1942,
Swing and Sway with Sammy Kaye vocals by Don Cornell,25, I Left My Heart At the Stage Door Canteen,1942,
Swing and Sway with Sammy Kaye vocals by the Glee Club,27, Remember Pearl Harbor,1942,
Harry James and His Orchestra vocals by Jimmy Saunders,28, One Dozen Roses,1942,
Jimmie Lunceford and His Orchestra,31, Blues in the Night (My Mama Done Tol' Me) (Parts 1 & 2),1942,
Benny Goodman and His Orchestra vocals by Dick Haymes,32, Idaho,1942,
Abe Lyman and His Californians vocals by Rose Blane,33, Amen,1942,
Benny Goodman and His Orchestra vocals by Peggy Lee,35, Somebody Else Is Taking My Place,1942,
Tommy Dorsey and His Orchestra vocals by Frank Sinatra,39, Take Me,1942,
Five by Freddie Slack and His Orchestra,43, Mr. Five by Five,1942,
The Glenn Miller Orchestra,45, Skylark,1942,
The Glenn Miller Orchestra vocal by Ray Eberle,47, Everything I Love,1942,
Horace Heidt and His Musical Knights,50, Deep in the Heart of Texas,1942,
Kay Kyser and His Orchestra vocals by Harry Babbitt,51, (There'll Be Bluebirds Over) The White Cliffs of Dover,1942,
Kate Smith,54, Rose O'Day (The Filla-Ga-Dusha Song),1942,
Glen Gray and the Casa Loma Orchestra vocals by Pee Wee Hunt,55, One Dozen Roses,1942,
Kay Kyser and His Orchestra,56, Johnny Doughboy Found a Rose in Ireland,1942,
Charlie Spivak and His Orchestra vocals by Garry Stevens & the Stardusters,57, This Is No Laughing Matter,1942,
Alvino Rey and His Orchestra vocals by the Four King Sisters,58, Strip Polka,1942,
Freddy Martin and His Orchestra vocals by Clyde Rogers,61, Tonight We Love,1942,
Cab Calloway as Cab Calloway & His Orchestra dizzy gillespie on trumpet,62, Blues in the Night (My Mama Done Tol' Me),1942,
Kay Kyser and His Orchestra,63, A Zoot Suit (For My Sunday Gal),1942,
Bing Crosby,66, I Don't Want to Walk without You,1942,
Harry James and His Orchestra vocals by Helen Forrest,67, Manhattan Serenade,1942,
Guy Lombardo and His Royal Canadians vocals by Kenny Gardner,68, Johnny Doughboy Found a Rose in Ireland,1942,
Jimmy Dorsey and His Orchestra,69, Jersey Bounce,1942,
Jimmy Dorsey and His Orchestra vocals by Bob Eberly; hit for Ada Jones in 1909,70, I Remember You,1942,
Harry James and His Orchestra vocals by Helen Forrest,71, He's My Guy,1942,
Kate Smith,72, (There'll Be Bluebirds Over) The White Cliffs of Dover,1942,
The Glenn Miller Orchestra vocal by Ray Eberle,73, Always in My Heart,1942,
Tommy Dorsey and His Orchestra vocals by Frank Sinatra,74, Daybreak,1942,
Benny Goodman and His Orchestra vocals by Dick Haymes,76, Take Me,1942,
Jimmy Dorsey and His Orchestra vocals by Bob Eberly,77, My Devotion,1942,
Jimmy Dorsey and His Orchestra vocals by Bob Eberly & Helen O'Connell,78, I Said No,1942,
Lucky Millinder and His Orchestra vocals by Trevor Bacon,79, When the Lights Go On Again (All Over the World),1942,
Jimmy Dorsey and His Orchestra vocals by Bob Eberly,80, Brazil (Aquarela Do Brasil),1942,
Paul Whiteman & His Orchestra,81, Trav'lin' Light,1942,
The Four King Sisters,82, My Devotion,1942,
Johnnie Johnston,86, Dearly Beloved,1942,
Tommy Dorsey and His Orchestra vocals by Jo Stafford,88, Manhattan Serenade,1942,
Tommy Dorsey and His Orchestra vocals by Frank Sinatra,89," Be Careful, It's My Heart",1942,
The Glenn Miller Orchestra,91, The Story of a Starry Night,1942,
Alvino Rey and His Orchestra,92, Idaho,1942,
Swing and Sway with Sammy Kaye vocals by Arthur Wright and Choir,93, (There'll Be Blue Birds Over) The White Cliffs of Dover,1942,
Harry James and His Orchestra vocals by Helen Forrest,94, Skylark,1942,
Tommy Dorsey and His Orchestra vocals by Frank Sinatra,95, How About You?,1942,
Ray Noble and His Orchestra vocals by Snooky Lanson,96, By the Light of the Silv'ry Moon,1942,
Freddy Martin and His Orchestra vocals by Eddie Stone & Glenn Hughes,97, A Touch of Texas,1942,
Gordon Jenkins and His Orchestra vocals by Bob Carroll,98, White Christmas,1942,
Freddy Martin and His Orchestra vocals by Clyde Rogers,99, Johnny Doughboy Found a Rose in Ireland,1942,
Horace Heidt,11,I Don't Want to Set the World On Fire,1941,
Jimmy Dorsey,16,My Sister & I,1941,
Tommy Dorsey & Frank Sinatra,18,Dolores,1941,
Benny Goodman,20,There'll Be Some Changes Made,1941,
Guy Lombardo,24,And the Band Played On,1941,
Dick Robertson,26,Ferryboat Serenade,1941,
The Jesters,27,It's a Great Day for the Irish,1941,
The Tic-Toc Rhythm Orchestra,28,Ferryboat Serenade,1941,
Al Bowlly,32,When That Man is Dead & Gone,1941,
The Andrews Sisters,36,I'll Be With You in Apple Blossom Time,1941,
Wayne King,41,You Are My Sunshine,1941,
Jimmy Dorsey,43,High On A Windy Hill,1941,
Joe Loss Orchestra,44,V' Stands For Victory,1941,
Carlos Galhardo,45,Ala Li La,1941,
Gene Krupa,48,High On A Windy Hill,1941,
Wayne King,50,Maria Elena,1941,
Horace Heidt,51,G'bye Now,1941,
Tommy Dorsey & Frank Sinatra,53,Oh Look At Me Now,1941,
Gene Krupa,54,It All Comes Back To Me Now,1941,
Bing Crosby,55,Shepherd's Serenade,1941,
Horace Heidt,65,The Hut Sut Song (A Swedish Serenade),1941,
Kay Kyser,66,"Alexander the Swoose (Half Swan, Half Goose)",1941,
The Andrews Sisters,73,Bounce Me Brother,1941,
Kay Kyser,76,(Lights Out) Til Reveille,1941,
Tommy Tucker,78,I Don't Want to Set the World On Fire,1941,
